--
-- PostgreSQL database dump
--

-- Dumped from database version 14.10 (Ubuntu 14.10-1.pgdg20.04+1)
-- Dumped by pg_dump version 14.10 (Ubuntu 14.10-1.pgdg20.04+1)

SET statement_timeout = 0;
SET lock_timeout = 0;
SET idle_in_transaction_session_timeout = 0;
SET client_encoding = 'UTF8';
SET standard_conforming_strings = on;
SELECT pg_catalog.set_config('search_path', '', false);
SET check_function_bodies = false;
SET xmloption = content;
SET client_min_messages = warning;
SET row_security = off;

SET default_tablespace = '';

SET default_table_access_method = heap;

--
-- Name: categories; Type: TABLE; Schema: public; Owner: postgres
--

CREATE TABLE public.categories (
    category_id integer NOT NULL,
    category_name character varying(50) NOT NULL
);


ALTER TABLE public.categories OWNER TO postgres;

--
-- Name: categories_category_id_seq; Type: SEQUENCE; Schema: public; Owner: postgres
--

CREATE SEQUENCE public.categories_category_id_seq
    AS integer
    START WITH 1
    INCREMENT BY 1
    NO MINVALUE
    NO MAXVALUE
    CACHE 1;


ALTER TABLE public.categories_category_id_seq OWNER TO postgres;

--
-- Name: categories_category_id_seq; Type: SEQUENCE OWNED BY; Schema: public; Owner: postgres
--

ALTER SEQUENCE public.categories_category_id_seq OWNED BY public.categories.category_id;


--
-- Name: order_details; Type: TABLE; Schema: public; Owner: postgres
--

CREATE TABLE public.order_details (
    order_detail_id integer NOT NULL,
    order_id integer,
    seller_product_id integer,
    quantity integer NOT NULL,
    subtotal_price numeric(10,2)
);


ALTER TABLE public.order_details OWNER TO postgres;

--
-- Name: order_details_order_detail_id_seq; Type: SEQUENCE; Schema: public; Owner: postgres
--

CREATE SEQUENCE public.order_details_order_detail_id_seq
    AS integer
    START WITH 1
    INCREMENT BY 1
    NO MINVALUE
    NO MAXVALUE
    CACHE 1;


ALTER TABLE public.order_details_order_detail_id_seq OWNER TO postgres;

--
-- Name: order_details_order_detail_id_seq; Type: SEQUENCE OWNED BY; Schema: public; Owner: postgres
--

ALTER SEQUENCE public.order_details_order_detail_id_seq OWNED BY public.order_details.order_detail_id;


--
-- Name: orders; Type: TABLE; Schema: public; Owner: postgres
--

CREATE TABLE public.orders (
    order_id integer NOT NULL,
    user_id integer,
    order_date date DEFAULT CURRENT_DATE
);


ALTER TABLE public.orders OWNER TO postgres;

--
-- Name: orders_order_id_seq; Type: SEQUENCE; Schema: public; Owner: postgres
--

CREATE SEQUENCE public.orders_order_id_seq
    AS integer
    START WITH 1
    INCREMENT BY 1
    NO MINVALUE
    NO MAXVALUE
    CACHE 1;


ALTER TABLE public.orders_order_id_seq OWNER TO postgres;

--
-- Name: orders_order_id_seq; Type: SEQUENCE OWNED BY; Schema: public; Owner: postgres
--

ALTER SEQUENCE public.orders_order_id_seq OWNED BY public.orders.order_id;


--
-- Name: products; Type: TABLE; Schema: public; Owner: postgres
--

CREATE TABLE public.products (
    product_id integer NOT NULL,
    product_name character varying(100) NOT NULL,
    description text,
    category_id integer,
    active boolean DEFAULT true NOT NULL
);


ALTER TABLE public.products OWNER TO postgres;

--
-- Name: products_product_id_seq; Type: SEQUENCE; Schema: public; Owner: postgres
--

CREATE SEQUENCE public.products_product_id_seq
    AS integer
    START WITH 1
    INCREMENT BY 1
    NO MINVALUE
    NO MAXVALUE
    CACHE 1;


ALTER TABLE public.products_product_id_seq OWNER TO postgres;

--
-- Name: products_product_id_seq; Type: SEQUENCE OWNED BY; Schema: public; Owner: postgres
--

ALTER SEQUENCE public.products_product_id_seq OWNED BY public.products.product_id;


--
-- Name: reviews; Type: TABLE; Schema: public; Owner: postgres
--

CREATE TABLE public.reviews (
    review_id integer NOT NULL,
    order_detail_id integer,
    rating integer NOT NULL,
    comment text,
    review_date date DEFAULT CURRENT_DATE,
    CONSTRAINT reviews_rating_check CHECK (((rating >= 1) AND (rating <= 5)))
);


ALTER TABLE public.reviews OWNER TO postgres;

--
-- Name: reviews_review_id_seq; Type: SEQUENCE; Schema: public; Owner: postgres
--

CREATE SEQUENCE public.reviews_review_id_seq
    AS integer
    START WITH 1
    INCREMENT BY 1
    NO MINVALUE
    NO MAXVALUE
    CACHE 1;


ALTER TABLE public.reviews_review_id_seq OWNER TO postgres;

--
-- Name: reviews_review_id_seq; Type: SEQUENCE OWNED BY; Schema: public; Owner: postgres
--

ALTER SEQUENCE public.reviews_review_id_seq OWNED BY public.reviews.review_id;


--
-- Name: seller_products; Type: TABLE; Schema: public; Owner: postgres
--

CREATE TABLE public.seller_products (
    seller_product_id integer NOT NULL,
    seller_id integer,
    product_id integer,
    price numeric(10,2) NOT NULL,
    offer_price numeric(10,2),
    offer_start_date date,
    offer_end_date date,
    stock integer DEFAULT 0 NOT NULL
);


ALTER TABLE public.seller_products OWNER TO postgres;

--
-- Name: seller_products_seller_product_id_seq; Type: SEQUENCE; Schema: public; Owner: postgres
--

CREATE SEQUENCE public.seller_products_seller_product_id_seq
    AS integer
    START WITH 1
    INCREMENT BY 1
    NO MINVALUE
    NO MAXVALUE
    CACHE 1;


ALTER TABLE public.seller_products_seller_product_id_seq OWNER TO postgres;

--
-- Name: seller_products_seller_product_id_seq; Type: SEQUENCE OWNED BY; Schema: public; Owner: postgres
--

ALTER SEQUENCE public.seller_products_seller_product_id_seq OWNED BY public.seller_products.seller_product_id;


--
-- Name: sellers; Type: TABLE; Schema: public; Owner: postgres
--

CREATE TABLE public.sellers (
    seller_id integer NOT NULL,
    cif character varying(20) NOT NULL,
    name character varying(100) NOT NULL,
    business_name character varying(100),
    phone character varying(15),
    email character varying(90),
    plain_password character varying(50) NOT NULL,
    password character varying(100) NOT NULL
);


ALTER TABLE public.sellers OWNER TO postgres;

--
-- Name: sellers_seller_id_seq; Type: SEQUENCE; Schema: public; Owner: postgres
--

CREATE SEQUENCE public.sellers_seller_id_seq
    AS integer
    START WITH 1
    INCREMENT BY 1
    NO MINVALUE
    NO MAXVALUE
    CACHE 1;


ALTER TABLE public.sellers_seller_id_seq OWNER TO postgres;

--
-- Name: sellers_seller_id_seq; Type: SEQUENCE OWNED BY; Schema: public; Owner: postgres
--

ALTER SEQUENCE public.sellers_seller_id_seq OWNED BY public.sellers.seller_id;


--
-- Name: users; Type: TABLE; Schema: public; Owner: postgres
--

CREATE TABLE public.users (
    user_id integer NOT NULL,
    username character varying(50) NOT NULL,
    email character varying(100) NOT NULL,
    plain_password character varying(50) NOT NULL,
    registration_date date DEFAULT CURRENT_DATE,
    password character varying(100)
);


ALTER TABLE public.users OWNER TO postgres;

--
-- Name: users_user_id_seq; Type: SEQUENCE; Schema: public; Owner: postgres
--

CREATE SEQUENCE public.users_user_id_seq
    AS integer
    START WITH 1
    INCREMENT BY 1
    NO MINVALUE
    NO MAXVALUE
    CACHE 1;


ALTER TABLE public.users_user_id_seq OWNER TO postgres;

--
-- Name: users_user_id_seq; Type: SEQUENCE OWNED BY; Schema: public; Owner: postgres
--

ALTER SEQUENCE public.users_user_id_seq OWNED BY public.users.user_id;


--
-- Name: categories category_id; Type: DEFAULT; Schema: public; Owner: postgres
--

ALTER TABLE ONLY public.categories ALTER COLUMN category_id SET DEFAULT nextval('public.categories_category_id_seq'::regclass);


--
-- Name: order_details order_detail_id; Type: DEFAULT; Schema: public; Owner: postgres
--

ALTER TABLE ONLY public.order_details ALTER COLUMN order_detail_id SET DEFAULT nextval('public.order_details_order_detail_id_seq'::regclass);


--
-- Name: orders order_id; Type: DEFAULT; Schema: public; Owner: postgres
--

ALTER TABLE ONLY public.orders ALTER COLUMN order_id SET DEFAULT nextval('public.orders_order_id_seq'::regclass);


--
-- Name: products product_id; Type: DEFAULT; Schema: public; Owner: postgres
--

ALTER TABLE ONLY public.products ALTER COLUMN product_id SET DEFAULT nextval('public.products_product_id_seq'::regclass);


--
-- Name: reviews review_id; Type: DEFAULT; Schema: public; Owner: postgres
--

ALTER TABLE ONLY public.reviews ALTER COLUMN review_id SET DEFAULT nextval('public.reviews_review_id_seq'::regclass);


--
-- Name: seller_products seller_product_id; Type: DEFAULT; Schema: public; Owner: postgres
--

ALTER TABLE ONLY public.seller_products ALTER COLUMN seller_product_id SET DEFAULT nextval('public.seller_products_seller_product_id_seq'::regclass);


--
-- Name: sellers seller_id; Type: DEFAULT; Schema: public; Owner: postgres
--

ALTER TABLE ONLY public.sellers ALTER COLUMN seller_id SET DEFAULT nextval('public.sellers_seller_id_seq'::regclass);


--
-- Name: users user_id; Type: DEFAULT; Schema: public; Owner: postgres
--

ALTER TABLE ONLY public.users ALTER COLUMN user_id SET DEFAULT nextval('public.users_user_id_seq'::regclass);


--
-- Data for Name: categories; Type: TABLE DATA; Schema: public; Owner: postgres
--

INSERT INTO public.categories VALUES (1, 'Electronics');
INSERT INTO public.categories VALUES (2, 'Clothing');
INSERT INTO public.categories VALUES (3, 'Books');
INSERT INTO public.categories VALUES (4, 'Home & Kitchen');
INSERT INTO public.categories VALUES (5, 'Toys');
INSERT INTO public.categories VALUES (6, 'Sports & Outdoors');
INSERT INTO public.categories VALUES (7, 'Beauty & Personal Care');
INSERT INTO public.categories VALUES (8, 'Automotive');


--
-- Data for Name: order_details; Type: TABLE DATA; Schema: public; Owner: postgres
--

INSERT INTO public.order_details VALUES (1, 1, 1, 1, 599.99);
INSERT INTO public.order_details VALUES (2, 1, 6, 1, 129.99);
INSERT INTO public.order_details VALUES (3, 2, 4, 2, 59.98);
INSERT INTO public.order_details VALUES (4, 3, 5, 1, 49.99);
INSERT INTO public.order_details VALUES (5, 3, 14, 1, 39.99);
INSERT INTO public.order_details VALUES (6, 4, 7, 1, 149.99);
INSERT INTO public.order_details VALUES (7, 4, 8, 1, 269.99);
INSERT INTO public.order_details VALUES (8, 5, 11, 1, 29.99);
INSERT INTO public.order_details VALUES (9, 5, 12, 1, 34.99);
INSERT INTO public.order_details VALUES (10, 6, 9, 1, 79.99);
INSERT INTO public.order_details VALUES (11, 6, 10, 1, 49.99);
INSERT INTO public.order_details VALUES (12, 6, 13, 1, 79.99);
INSERT INTO public.order_details VALUES (13, 6, 15, 1, 14.99);
INSERT INTO public.order_details VALUES (14, 7, 19, 1, 199.99);
INSERT INTO public.order_details VALUES (15, 8, 2, 2, 1799.98);
INSERT INTO public.order_details VALUES (16, 9, 10, 1, 59.99);
INSERT INTO public.order_details VALUES (17, 10, 20, 4, 319.96);
INSERT INTO public.order_details VALUES (18, 11, 13, 1, 79.99);
INSERT INTO public.order_details VALUES (19, 12, 5, 14, 89.99);
INSERT INTO public.order_details VALUES (20, 13, 5, 1, 49.99);
INSERT INTO public.order_details VALUES (21, 14, 17, 2, 19.98);
INSERT INTO public.order_details VALUES (22, 14, 18, 1, 29.99);
INSERT INTO public.order_details VALUES (23, 15, 14, 2, 79.98);
INSERT INTO public.order_details VALUES (24, 16, 11, 1, 29.99);
INSERT INTO public.order_details VALUES (25, 16, 18, 1, 29.99);


--
-- Data for Name: orders; Type: TABLE DATA; Schema: public; Owner: postgres
--

INSERT INTO public.orders VALUES (1, 1, '2024-09-17');
INSERT INTO public.orders VALUES (2, 2, '2024-09-17');
INSERT INTO public.orders VALUES (3, 3, '2024-09-17');
INSERT INTO public.orders VALUES (4, 1, '2024-09-17');
INSERT INTO public.orders VALUES (5, 2, '2024-09-17');
INSERT INTO public.orders VALUES (6, 3, '2024-09-17');
INSERT INTO public.orders VALUES (7, 4, '2024-09-17');
INSERT INTO public.orders VALUES (8, 5, '2024-09-17');
INSERT INTO public.orders VALUES (9, 6, '2024-09-17');
INSERT INTO public.orders VALUES (10, 4, '2024-09-17');
INSERT INTO public.orders VALUES (11, 5, '2024-09-17');
INSERT INTO public.orders VALUES (12, 6, '2024-09-17');
INSERT INTO public.orders VALUES (13, 7, '2024-09-17');
INSERT INTO public.orders VALUES (14, 8, '2024-09-17');
INSERT INTO public.orders VALUES (15, 9, '2024-09-17');
INSERT INTO public.orders VALUES (16, 10, '2024-09-17');


--
-- Data for Name: products; Type: TABLE DATA; Schema: public; Owner: postgres
--

INSERT INTO public.products VALUES (1, 'Smartphone', 'Latest smartphone with advanced features', 1, true);
INSERT INTO public.products VALUES (2, 'Laptop', 'Powerful laptop for work and entertainment', 1, true);
INSERT INTO public.products VALUES (3, 'T-shirt', 'Comfortable cotton t-shirt', 2, true);
INSERT INTO public.products VALUES (4, 'Jeans', 'Stylish jeans for everyday wear', 2, true);
INSERT INTO public.products VALUES (5, 'Python Programming Book', 'Comprehensive guide to Python programming', 3, true);
INSERT INTO public.products VALUES (6, 'Cookware Set', 'High-quality cookware set for your kitchen', 4, true);
INSERT INTO public.products VALUES (7, 'Smartwatch', 'Fitness tracker with heart rate monitor', 1, true);
INSERT INTO public.products VALUES (8, 'Tablet', 'Versatile tablet for work and entertainment', 1, true);
INSERT INTO public.products VALUES (9, 'Dress', 'Elegant dress for special occasions', 2, true);
INSERT INTO public.products VALUES (10, 'Sneakers', 'Stylish sneakers for casual wear', 2, true);
INSERT INTO public.products VALUES (11, 'Fiction Book', 'Best-selling fiction book by a renowned author', 3, true);
INSERT INTO public.products VALUES (12, 'Non-Fiction Book', 'Informative non-fiction book on a popular topic', 3, true);
INSERT INTO public.products VALUES (13, 'Coffee Maker', 'Automatic coffee maker for brewing delicious coffee', 4, true);
INSERT INTO public.products VALUES (14, 'Blender', 'Powerful blender for making smoothies and shakes', 4, true);
INSERT INTO public.products VALUES (15, 'Action Figure', 'Popular superhero action figure', 5, true);
INSERT INTO public.products VALUES (16, 'Tent', 'Waterproof tent for camping', 6, true);
INSERT INTO public.products VALUES (17, 'Shampoo', 'Organic herbal shampoo', 7, true);
INSERT INTO public.products VALUES (18, 'Car Vacuum Cleaner', 'Portable vacuum cleaner for cars', 8, true);
INSERT INTO public.products VALUES (19, 'Bluetooth Headphones', 'Noise-cancelling Bluetooth headphones', 1, true);
INSERT INTO public.products VALUES (20, 'Board Game', 'Fun board game for all ages', 5, true);
INSERT INTO public.products VALUES (21, 'Fitness Tracker', 'Wearable fitness tracker with heart rate monitor', 6, true);
INSERT INTO public.products VALUES (22, 'Face Cream', 'Moisturizing face cream', 7, true);
INSERT INTO public.products VALUES (23, 'Car Phone Mount', 'Adjustable car phone mount', 8, true);


--
-- Data for Name: reviews; Type: TABLE DATA; Schema: public; Owner: postgres
--

INSERT INTO public.reviews VALUES (1, 1, 5, 'Great smartphone! Highly recommend.', '2024-09-17');
INSERT INTO public.reviews VALUES (2, 3, 4, 'Nice jeans, comfortable fit.', '2024-09-17');
INSERT INTO public.reviews VALUES (3, 4, 5, 'Excellent book, very informative.', '2024-09-17');
INSERT INTO public.reviews VALUES (4, 7, 4, 'Great tablet, fast performance.', '2024-09-17');
INSERT INTO public.reviews VALUES (5, 8, 5, 'Amazing book, couldn''t put it down.', '2024-09-17');
INSERT INTO public.reviews VALUES (6, 21, 4, 'Kids loved the action figure.', '2024-09-17');
INSERT INTO public.reviews VALUES (7, 15, 5, 'Fantastic laptop, very powerful.', '2024-09-17');
INSERT INTO public.reviews VALUES (8, 13, 4, 'Good sound quality and noise cancellation.', '2024-09-17');
INSERT INTO public.reviews VALUES (9, 16, 5, 'Best sneakers I have ever owned!', '2024-09-17');
INSERT INTO public.reviews VALUES (10, 14, 4, 'Hair feels great after using this shampoo.', '2024-09-17');
INSERT INTO public.reviews VALUES (11, 20, 5, 'I learned python from scratch with this book.', '2024-09-17');
INSERT INTO public.reviews VALUES (12, 23, 3, 'The blender is okay, but a bit noisy.', '2024-09-17');


--
-- Data for Name: seller_products; Type: TABLE DATA; Schema: public; Owner: postgres
--

INSERT INTO public.seller_products VALUES (1, 1, 1, 599.99, NULL, NULL, NULL, 0);
INSERT INTO public.seller_products VALUES (2, 1, 2, 999.99, 899.99, '2024-09-01', '2024-09-30', 0);
INSERT INTO public.seller_products VALUES (3, 2, 3, 19.99, NULL, NULL, NULL, 0);
INSERT INTO public.seller_products VALUES (4, 2, 4, 39.99, 29.99, '2024-09-05', '2024-09-15', 0);
INSERT INTO public.seller_products VALUES (5, 3, 5, 49.99, NULL, NULL, NULL, 0);
INSERT INTO public.seller_products VALUES (6, 4, 6, 129.99, 119.99, '2024-10-01', '2024-10-15', 0);
INSERT INTO public.seller_products VALUES (7, 1, 7, 149.99, NULL, NULL, NULL, 0);
INSERT INTO public.seller_products VALUES (8, 1, 8, 299.99, 269.99, '2024-09-10', '2024-09-20', 0);
INSERT INTO public.seller_products VALUES (9, 2, 9, 79.99, NULL, NULL, NULL, 0);
INSERT INTO public.seller_products VALUES (10, 2, 10, 59.99, 49.99, '2024-09-12', '2024-09-18', 0);
INSERT INTO public.seller_products VALUES (11, 3, 11, 29.99, NULL, NULL, NULL, 0);
INSERT INTO public.seller_products VALUES (12, 3, 12, 34.99, NULL, NULL, NULL, 0);
INSERT INTO public.seller_products VALUES (13, 4, 13, 79.99, NULL, NULL, NULL, 0);
INSERT INTO public.seller_products VALUES (14, 4, 14, 49.99, 39.99, '2024-09-14', '2024-09-28', 0);
INSERT INTO public.seller_products VALUES (15, 1, 19, 199.99, NULL, NULL, NULL, 0);
INSERT INTO public.seller_products VALUES (16, 5, 14, 89.99, NULL, NULL, NULL, 0);
INSERT INTO public.seller_products VALUES (17, 4, 15, 14.99, NULL, NULL, NULL, 0);
INSERT INTO public.seller_products VALUES (18, 4, 16, 79.99, NULL, NULL, NULL, 0);
INSERT INTO public.seller_products VALUES (19, 4, 17, 9.99, NULL, NULL, NULL, 0);
INSERT INTO public.seller_products VALUES (20, 4, 18, 29.99, NULL, NULL, NULL, 0);


--
-- Data for Name: sellers; Type: TABLE DATA; Schema: public; Owner: postgres
--

INSERT INTO public.sellers VALUES (1, 'A12345678', 'TechStore', 'TechStore Ltd.', '123-456-789', NULL, 'password1', '7C6A180B36896A0A8C02787EEAFB0E4C');
INSERT INTO public.sellers VALUES (2, 'B23456789', 'FashionHub', 'FashionHub Corp.', '987-654-321', NULL, 'password2', '6CB75F652A9B52798EB6CF2201057C73');
INSERT INTO public.sellers VALUES (3, 'C34567890', 'BookWorld', 'BookWorld Inc.', '555-666-777', NULL, 'password3', '819B0643D6B89DC9B579FDFC9094F28E');
INSERT INTO public.sellers VALUES (4, 'D45678901', 'HomeEssentials', 'HomeEssentials LLC', '444-333-222', NULL,  'password4', '34CC93ECE0BA9E3F6F235D4AF979B16C');
INSERT INTO public.sellers VALUES (5, 'E77883388', 'MySweetHome', 'HomeSweetHome Ltd.', '434-443-111', NULL, 'password5', 'DB0EDD04AAAC4506F7EDAB03AC855D56');


--
-- Data for Name: users; Type: TABLE DATA; Schema: public; Owner: postgres
--

INSERT INTO public.users VALUES (1, 'user1', 'user1@example.com', 'password1', '2024-09-17', '7C6A180B36896A0A8C02787EEAFB0E4C');
INSERT INTO public.users VALUES (2, 'user2', 'user2@example.com', 'password2', '2024-09-17', '6CB75F652A9B52798EB6CF2201057C73');
INSERT INTO public.users VALUES (3, 'user3', 'user3@example.com', 'password3', '2024-09-17', '819B0643D6B89DC9B579FDFC9094F28E');
INSERT INTO public.users VALUES (4, 'user4', 'user4@example.com', 'password4', '2024-09-17', '34CC93ECE0BA9E3F6F235D4AF979B16C');
INSERT INTO public.users VALUES (5, 'user5', 'user5@example.com', 'password5', '2024-09-17', 'DB0EDD04AAAC4506F7EDAB03AC855D56');
INSERT INTO public.users VALUES (6, 'user6', 'user6@example.com', 'password6', '2024-09-17', '218DD27AEBECCECAE69AD8408D9A36BF');
INSERT INTO public.users VALUES (7, 'user7', 'user7@example.com', 'password7', '2024-09-17', '00CDB7BB942CF6B290CEB97D6ACA64A3');
INSERT INTO public.users VALUES (8, 'user8', 'user8@example.com', 'password8', '2024-09-17', 'B25EF06BE3B6948C0BC431DA46C2C738');
INSERT INTO public.users VALUES (9, 'user9', 'user9@example.com', 'password9', '2024-09-17', '5D69DD95AC183C9643780ED7027D128A');
INSERT INTO public.users VALUES (10, 'user10', 'user10@example.com', 'password10', '2024-09-17', '87E897E3B54A405DA144968B2CA19B45');


--
-- Name: categories_category_id_seq; Type: SEQUENCE SET; Schema: public; Owner: postgres
--

SELECT pg_catalog.setval('public.categories_category_id_seq', 8, true);


--
-- Name: order_details_order_detail_id_seq; Type: SEQUENCE SET; Schema: public; Owner: postgres
--

SELECT pg_catalog.setval('public.order_details_order_detail_id_seq', 25, true);


--
-- Name: orders_order_id_seq; Type: SEQUENCE SET; Schema: public; Owner: postgres
--

SELECT pg_catalog.setval('public.orders_order_id_seq', 16, true);


--
-- Name: products_product_id_seq; Type: SEQUENCE SET; Schema: public; Owner: postgres
--

SELECT pg_catalog.setval('public.products_product_id_seq', 23, true);


--
-- Name: reviews_review_id_seq; Type: SEQUENCE SET; Schema: public; Owner: postgres
--

SELECT pg_catalog.setval('public.reviews_review_id_seq', 12, true);


--
-- Name: seller_products_seller_product_id_seq; Type: SEQUENCE SET; Schema: public; Owner: postgres
--

SELECT pg_catalog.setval('public.seller_products_seller_product_id_seq', 20, true);


--
-- Name: sellers_seller_id_seq; Type: SEQUENCE SET; Schema: public; Owner: postgres
--

SELECT pg_catalog.setval('public.sellers_seller_id_seq', 5, true);


--
-- Name: users_user_id_seq; Type: SEQUENCE SET; Schema: public; Owner: postgres
--

SELECT pg_catalog.setval('public.users_user_id_seq', 10, true);


--
-- Name: categories categories_category_name_key; Type: CONSTRAINT; Schema: public; Owner: postgres
--

ALTER TABLE ONLY public.categories
    ADD CONSTRAINT categories_category_name_key UNIQUE (category_name);


--
-- Name: categories categories_pkey; Type: CONSTRAINT; Schema: public; Owner: postgres
--

ALTER TABLE ONLY public.categories
    ADD CONSTRAINT categories_pkey PRIMARY KEY (category_id);


--
-- Name: order_details order_details_pkey; Type: CONSTRAINT; Schema: public; Owner: postgres
--

ALTER TABLE ONLY public.order_details
    ADD CONSTRAINT order_details_pkey PRIMARY KEY (order_detail_id);


--
-- Name: orders orders_pkey; Type: CONSTRAINT; Schema: public; Owner: postgres
--

ALTER TABLE ONLY public.orders
    ADD CONSTRAINT orders_pkey PRIMARY KEY (order_id);


--
-- Name: products products_pkey; Type: CONSTRAINT; Schema: public; Owner: postgres
--

ALTER TABLE ONLY public.products
    ADD CONSTRAINT products_pkey PRIMARY KEY (product_id);


--
-- Name: reviews reviews_pkey; Type: CONSTRAINT; Schema: public; Owner: postgres
--

ALTER TABLE ONLY public.reviews
    ADD CONSTRAINT reviews_pkey PRIMARY KEY (review_id);


--
-- Name: seller_products seller_products_pkey; Type: CONSTRAINT; Schema: public; Owner: postgres
--

ALTER TABLE ONLY public.seller_products
    ADD CONSTRAINT seller_products_pkey PRIMARY KEY (seller_product_id);


--
-- Name: seller_products seller_products_seller_id_product_id_key; Type: CONSTRAINT; Schema: public; Owner: postgres
--

ALTER TABLE ONLY public.seller_products
    ADD CONSTRAINT seller_products_seller_id_product_id_key UNIQUE (seller_id, product_id);


--
-- Name: sellers sellers_cif_key; Type: CONSTRAINT; Schema: public; Owner: postgres
--

ALTER TABLE ONLY public.sellers
    ADD CONSTRAINT sellers_cif_key UNIQUE (cif);


--
-- Name: sellers sellers_pkey; Type: CONSTRAINT; Schema: public; Owner: postgres
--

ALTER TABLE ONLY public.sellers
    ADD CONSTRAINT sellers_pkey PRIMARY KEY (seller_id);


--
-- Name: users users_email_key; Type: CONSTRAINT; Schema: public; Owner: postgres
--

ALTER TABLE ONLY public.users
    ADD CONSTRAINT users_email_key UNIQUE (email);


--
-- Name: users users_pkey; Type: CONSTRAINT; Schema: public; Owner: postgres
--

ALTER TABLE ONLY public.users
    ADD CONSTRAINT users_pkey PRIMARY KEY (user_id);


--
-- Name: users users_username_key; Type: CONSTRAINT; Schema: public; Owner: postgres
--

ALTER TABLE ONLY public.users
    ADD CONSTRAINT users_username_key UNIQUE (username);


--
-- Name: order_details order_details_order_id_fkey; Type: FK CONSTRAINT; Schema: public; Owner: postgres
--

ALTER TABLE ONLY public.order_details
    ADD CONSTRAINT order_details_order_id_fkey FOREIGN KEY (order_id) REFERENCES public.orders(order_id);


--
-- Name: order_details order_details_seller_product_id_fkey; Type: FK CONSTRAINT; Schema: public; Owner: postgres
--

ALTER TABLE ONLY public.order_details
    ADD CONSTRAINT order_details_seller_product_id_fkey FOREIGN KEY (seller_product_id) REFERENCES public.seller_products(seller_product_id);


--
-- Name: orders orders_user_id_fkey; Type: FK CONSTRAINT; Schema: public; Owner: postgres
--

ALTER TABLE ONLY public.orders
    ADD CONSTRAINT orders_user_id_fkey FOREIGN KEY (user_id) REFERENCES public.users(user_id);


--
-- Name: products products_category_id_fkey; Type: FK CONSTRAINT; Schema: public; Owner: postgres
--

ALTER TABLE ONLY public.products
    ADD CONSTRAINT products_category_id_fkey FOREIGN KEY (category_id) REFERENCES public.categories(category_id);


--
-- Name: reviews reviews_order_detail_id_fkey; Type: FK CONSTRAINT; Schema: public; Owner: postgres
--

ALTER TABLE ONLY public.reviews
    ADD CONSTRAINT reviews_order_detail_id_fkey FOREIGN KEY (order_detail_id) REFERENCES public.order_details(order_detail_id);


--
-- Name: seller_products seller_products_product_id_fkey; Type: FK CONSTRAINT; Schema: public; Owner: postgres
--

ALTER TABLE ONLY public.seller_products
    ADD CONSTRAINT seller_products_product_id_fkey FOREIGN KEY (product_id) REFERENCES public.products(product_id);


--
-- Name: seller_products seller_products_seller_id_fkey; Type: FK CONSTRAINT; Schema: public; Owner: postgres
--

ALTER TABLE ONLY public.seller_products
    ADD CONSTRAINT seller_products_seller_id_fkey FOREIGN KEY (seller_id) REFERENCES public.sellers(seller_id);


--
-- PostgreSQL database dump complete
--

